id,store_id,name,name_ar,rating,description,description_ar,price,discounted_price,availability,stock_quantity,created_at,updated_at,image
1,1,Power Drill,مثقاب كهربائي,4.8,"This is a durable and essential piece of safety gear designed to protect workers from head injuries on construction sites. Made from high-quality, impact-resistant plastic, it provides excellent protection against falling debris and other hazards. The helmet features an adjustable strap for a secure and comfortable fit and ensuring it stays in place during rigorous activities..",مثقاب كهربائي عالي الجودة لجميع احتياجات الأعمال اليدوية.,19,10,1,50,10/7/2024 20:21,10/7/2024 20:21,
2,5,ut,consequatur,2.1,"Labore enim et fugiat aliquam mollitia laudantium quasi. Repellendus rem culpa nostrum animi omnis rerum sunt. Dolor tempora soluta vero libero quod maxime. Voluptas autem et est mollitia.

Laboriosam minima ut omnis molestiae. Nihil voluptatibus odio alias blanditiis sit rerum possimus. Quos eveniet quod molestiae veniam.

Omnis reprehenderit nemo maxime repellendus doloribus sed et asperiores. Molestias deleniti voluptatem sint eius unde est nihil. Doloremque repellat accusamus suscipit voluptate autem mollitia commodi. Voluptatum ut et qui aut. Iure dolorem sed nostrum natus rem quam necessitatibus qui.",Unde velit natus cum laborum fugiat qui harum.,21,28,0,52,10/7/2024 20:21,10/7/2024 20:21,
3,14,est,adipisci,3.4,"Est aut aut quod velit sit dignissimos. Maxime quia quod velit facilis temporibus quibusdam a voluptatibus. Quisquam eum magni commodi id.

Est magnam tempore excepturi deleniti odit voluptatum et aut. Quis eius animi quia veritatis fugit. Optio ut commodi repudiandae voluptas quo voluptate ea aut. Aut inventore soluta voluptatibus natus illo voluptatem possimus. Rerum perferendis modi consequatur asperiores.

Quidem fuga ex aut eius. Aut quis placeat et nulla aut earum. Culpa voluptate velit sint magni vitae et et. Ea aut eius repellat qui culpa.",Tempore ipsam exercitationem accusamus nihil architecto repellat dolor et.,47,43,1,98,10/7/2024 20:21,10/7/2024 20:21,
4,8,qui,maxime,5,"Perspiciatis fuga in perspiciatis excepturi ut. Quia omnis eos officia magni. Cupiditate velit neque dolores consequatur voluptatem ea.

Qui sed nemo et expedita ea. Facere ipsa veritatis qui nihil ut. Odit hic impedit voluptas laborum non dicta. Vitae veniam praesentium eligendi maxime at quasi non.

Consequatur magni rerum libero eum quisquam officia. Eveniet eos omnis iste repudiandae necessitatibus. Doloremque earum est vel consequatur.",Distinctio voluptatem molestias est deleniti esse non.,27,28,0,90,10/7/2024 20:21,10/7/2024 20:21,
5,16,error,aperiam,3.8,"In accusantium qui ut dolorum. Blanditiis deserunt distinctio saepe commodi dolorum non consequatur. Molestiae deserunt id et sed. Sint ut qui voluptatibus.

Aspernatur ea dolorem et nesciunt tempora voluptas ab. Qui cupiditate consequatur repellat aut repellat quidem. Id non et sunt voluptas aliquam neque.

Alias dolor ut fugit nostrum fuga dolore et. Dolorem repellat sunt molestiae ipsa laboriosam sit rerum. Accusamus ducimus ipsum vel accusamus. Assumenda ut a dolor aperiam neque quia. Quisquam ab facilis sed modi cumque eius est in.",Sapiente fuga ullam exercitationem.,45,17,1,0,10/7/2024 20:21,10/7/2024 20:21,
6,6,sunt,nihil,4.3,"Architecto fugiat illum odit iusto aut nesciunt. Ut eius est delectus est culpa. Quia error perspiciatis amet autem quia.

Deleniti maxime quas et repudiandae. Quis illum impedit omnis non illo nostrum et. Consequatur nam doloremque maiores est minima distinctio.

Est quis similique consectetur cumque aut repudiandae. Illum molestiae voluptatem reiciendis ipsam. Est nisi natus eos exercitationem provident rerum maxime. Quo omnis nihil maxime.",Sint numquam repudiandae expedita placeat laboriosam.,41,29,1,65,10/7/2024 20:21,10/7/2024 20:21,
7,4,qui,distinctio,1.7,"Voluptatem rerum non nostrum ut a voluptates. Est natus quo eveniet quae ipsam autem expedita. Et voluptatibus voluptatibus et fuga eius nostrum quis. Nihil impedit voluptatem consequatur expedita.

In eum assumenda et natus optio suscipit. Cumque sunt cumque ducimus autem recusandae qui beatae. Dolor unde et maiores ab pariatur sunt pariatur error.

Sed reprehenderit voluptates labore aperiam cum qui odio. Quae voluptates non nostrum sunt. Hic dolorem ut enim et molestiae vero labore nostrum.",Doloremque ipsum voluptatibus et non.,44,16,0,35,10/7/2024 20:21,10/7/2024 20:21,
8,10,aliquid,accusantium,3.5,"Enim eum odit quam et incidunt voluptatum. Ipsa nihil suscipit impedit recusandae veritatis est. Eos provident illo ut nostrum qui libero ut sint. Autem officiis nihil voluptas ut quas eos cupiditate. Rem veritatis molestias ut itaque eveniet et.

Nesciunt est earum quia modi recusandae similique. Est nobis nulla rem fuga doloremque totam. Recusandae sit eos ducimus provident quia eos excepturi laboriosam. Hic eum dignissimos voluptas quis et doloribus et.

Est placeat iste exercitationem quo nostrum aspernatur laudantium. Quaerat ducimus unde laudantium.",Eaque maxime totam dolore et illo iure voluptas nostrum.,44,34,0,69,10/7/2024 20:21,10/7/2024 20:21,
9,8,tempore,illo,3.3,"Magni dicta facere eos dicta. Repellendus expedita vel rerum. Dolores nihil molestiae non.

Animi voluptatem non dignissimos libero aspernatur unde. Sint autem aut doloremque sint est. Dicta adipisci illum quia et.

Qui magni molestiae quisquam quia. Suscipit quia autem magnam itaque beatae. Quas doloribus pariatur modi exercitationem rem.",Sunt corrupti nesciunt consequuntur illo quae qui.,21,26,1,13,10/7/2024 20:21,10/7/2024 20:21,
10,17,qui,error,1.5,"Provident voluptates quia ipsam quaerat autem impedit. Atque et et error et sint. Vel inventore et qui eveniet itaque facilis.

Quia fugiat cum velit voluptatem ipsam laboriosam consequatur. Atque assumenda sint aut eum tempore ab eveniet quis. Voluptas pariatur dolor tempora modi. Distinctio et nulla consectetur sed et repudiandae.

Enim explicabo nulla architecto illum iusto enim. Nobis sapiente est quis qui hic. Earum distinctio doloremque quasi nulla. Omnis velit iste sunt.",Dolores dolores explicabo consequatur.,39,30,1,88,10/7/2024 20:21,10/7/2024 20:21,
11,3,officia,non,4.3,"Doloribus ipsa mollitia aspernatur aut omnis excepturi ducimus. Placeat dolorem blanditiis voluptatem quas debitis sequi in. Qui eum ut et iste aut commodi inventore. Sint explicabo reprehenderit eveniet et atque corrupti.

Nihil inventore et et distinctio. Eligendi praesentium at repellendus nemo. Eum iste magnam officiis ratione sequi architecto corporis.

Ut sit blanditiis rerum fugiat. Officiis perferendis molestiae repellendus ab nesciunt. Reiciendis eveniet natus aliquam sit nostrum nesciunt illum. Dolor dolorem eum et ut.",Quia aliquam voluptas nesciunt nemo.,39,19,1,74,10/7/2024 20:21,10/7/2024 20:21,
12,15,sit,fuga,4.5,"Adipisci sapiente id natus voluptatem quidem. Adipisci cumque doloribus nihil vel veritatis dolorem voluptates eaque. Dolores saepe placeat quo cum. Doloribus hic officia et et.

Sequi consectetur voluptates pariatur sequi. In praesentium labore id omnis maxime odit. Cupiditate optio occaecati eos esse exercitationem fugit. Rerum iste at accusamus nobis ducimus rerum cumque. Accusamus voluptas doloremque occaecati alias cumque illum.

Quas minima qui architecto quia non saepe labore. Enim atque aspernatur sint tempora quia aut autem. Eos fugit error sit quia.",Et eaque atque dolorem qui eius.,20,38,0,57,10/7/2024 20:21,10/7/2024 20:21,
13,17,ipsum,odit,4.5,"Explicabo voluptatibus eum enim iste commodi voluptas reprehenderit. Minima sit hic eos accusamus voluptatum. Dolorem enim veniam inventore sapiente aspernatur dolorem.

Quam architecto atque magnam quisquam. Est consequatur qui omnis doloribus impedit iste. Occaecati sunt iure sint porro distinctio et dignissimos. Alias dolores nostrum vel minus ratione et rerum exercitationem.

Non aliquid velit commodi et. Deleniti natus corporis voluptatem repudiandae cumque. Occaecati aut ut voluptates in ex placeat quibusdam.",Id autem eius ab ratione.,45,45,0,59,10/7/2024 20:21,10/7/2024 20:21,
14,12,voluptatum,necessitatibus,3.2,"Dolores voluptatem quisquam accusamus sapiente voluptate ea corrupti. Iste soluta ipsam accusamus velit alias dignissimos. Aut nihil aliquam tempora rerum asperiores aut sapiente.

Ut officiis ipsam eos nulla ipsa ut enim voluptatem. Omnis possimus non eum ex deleniti iste perferendis. Consectetur quibusdam numquam neque cum est. Doloremque ad alias tempore aut. Numquam quos unde praesentium veritatis unde quasi aliquam.

Assumenda inventore iste sit facilis perspiciatis consequatur ducimus. Omnis ut exercitationem fuga pariatur eum a asperiores. Mollitia earum vero qui quos cupiditate aut dolores.",Eos iste natus laboriosam nobis accusantium natus.,15,44,0,47,10/7/2024 20:21,10/7/2024 20:21,
15,9,dolorum,tenetur,2.3,"Qui aspernatur ipsa nostrum est. Ducimus minus dolore eveniet sed qui.

Nihil magni consequatur molestiae exercitationem vel voluptates aut enim. Quia sequi ut excepturi dolore at et cupiditate. Et blanditiis qui debitis voluptates culpa aut et.

Modi earum minus natus architecto et a reiciendis. Error qui est qui omnis. Dolorum eveniet at voluptates ab provident asperiores sit. Fugit id dolores dicta ab illo atque impedit. Sed reiciendis facilis nostrum libero qui.",Assumenda harum praesentium consequatur alias dignissimos nesciunt quas.,41,50,0,84,10/7/2024 20:21,10/7/2024 20:21,
16,17,eos,eum,4.8,"Voluptatum ipsam vero quia. Optio aliquid sint fuga vitae consequatur. Voluptas omnis rerum vel.

Quo nobis delectus quis culpa placeat aspernatur temporibus. Deserunt quo aut veniam dignissimos. Necessitatibus magni quam dolor non ab beatae quis.

A ut iste nulla commodi voluptatum. Voluptatem at qui nihil voluptate libero itaque. Ducimus in sed accusamus omnis et aspernatur porro. Veniam sint ab exercitationem et ut et reiciendis.",Eveniet provident et fugit quisquam.,33,22,1,21,10/7/2024 20:21,10/7/2024 20:21,
17,2,aliquid,reprehenderit,3.3,"Occaecati veniam aliquid fuga ut quia. Inventore distinctio molestiae earum ratione sint. Vel saepe reiciendis culpa laboriosam eius cupiditate doloribus. Placeat id aut impedit est rerum ab tenetur.

Eum cum soluta laudantium voluptatem velit hic dignissimos. Quod rerum iusto laborum. Corporis illo in quo quae sapiente eum sed. Debitis facere qui pariatur aut.

Sunt et exercitationem enim exercitationem sit fugiat. In aut sint quidem. Voluptatem aspernatur quidem molestiae est at vel. Ea ipsam aut cupiditate non.",Similique deserunt sint et recusandae aut et earum.,24,23,1,41,10/7/2024 20:21,10/7/2024 20:21,
18,9,ut,eos,4.7,"Dolorem perspiciatis ipsum nisi aut possimus. Voluptas mollitia odio aperiam alias.

Rerum architecto neque dolor et. Enim consequatur iusto aut nihil aut aspernatur. Ea blanditiis ut omnis at.

Ipsa aut enim recusandae quia aliquam. Officia molestiae perferendis animi est est saepe cum quas. Alias dolores fuga reiciendis qui molestiae. Repudiandae porro non et.",Vel corrupti minima et ad vero assumenda.,32,29,0,76,10/7/2024 20:21,10/7/2024 20:21,
19,8,sequi,dolor,1.1,"Sed et tenetur optio commodi ut accusantium. Qui harum sit aut id eos sint. Cupiditate qui incidunt qui eius quisquam maxime dicta. Animi quisquam enim sed aliquid rerum quia sint ullam.

Possimus maxime aut officiis dolor dolore ullam voluptate. Voluptates magnam sed eum nisi. Autem fugit a veritatis nam voluptas eos mollitia.

Fugiat nisi ut deleniti neque. Aut consequatur rerum nam in provident vel voluptas. Consequatur iste architecto dolores tempore. Voluptas id consequatur eum laudantium animi est. Incidunt dicta quidem aut voluptatem.",Vel culpa earum placeat eaque repellendus nam nulla nam.,33,39,1,48,10/7/2024 20:21,10/7/2024 20:21,
20,3,sapiente,et,1.7,"Fuga nisi eos ratione voluptatem aut expedita quasi. Excepturi nisi dignissimos aut. Cum et consequatur beatae.

Et veniam perspiciatis expedita dicta quo. Aut velit et eius. Itaque unde quaerat sunt eius. Dicta quo inventore temporibus alias.

Qui odio quidem ut aut. Veniam repellat est minus possimus sapiente sapiente sed. Quia voluptatum assumenda possimus.",Qui voluptate perspiciatis alias et.,38,32,0,94,10/7/2024 20:21,10/7/2024 20:21,
21,9,quis,quibusdam,4.5,"Et rerum et vitae dolores. Repellat molestiae modi ducimus similique. Ad eos qui eos quod expedita quisquam dolor. Harum qui debitis eveniet nesciunt dolor temporibus.

Libero ut eum non sapiente nesciunt autem. Nam delectus quo maiores debitis consequatur voluptas. Magnam quia quo dicta odio provident quos ut.

Ratione maxime praesentium eveniet ut sed porro id veritatis. Dolores perspiciatis natus aut. Autem omnis eveniet in voluptas beatae quae. Aut nobis maxime sed veniam. Rem eveniet dolores quibusdam eius ratione porro ea mollitia.",Corrupti consequatur cumque quae consequatur officia.,46,50,1,64,10/7/2024 20:21,10/7/2024 20:21,
22,13,voluptates,est,3.3,"Officia ab id et sint. Temporibus qui ipsam ea quisquam magnam numquam dicta. Consequatur velit vero ipsum enim temporibus est beatae. Modi aut accusantium ipsa minima officiis repudiandae est quod.

Ratione et dicta error hic aliquam rem ipsum sunt. Voluptatem error est et corrupti iste. Quas autem facilis cupiditate officiis. Aperiam corporis esse pariatur sint et officia odio.

Natus placeat nemo ut. Earum in quia praesentium minus. Molestiae dignissimos sint aut corporis tempora dolorem natus. Culpa qui sequi sed natus non.",Tempore labore in sint.,25,30,1,63,10/7/2024 20:21,10/7/2024 20:21,
23,4,iure,exercitationem,2.8,"Labore accusantium quas minima et dolorem consequatur non. Sunt est velit ducimus repellat. Soluta eveniet ipsam earum minus accusantium qui natus. Accusantium est totam enim officia. Dignissimos molestiae earum dolorem possimus omnis.

Distinctio praesentium laborum autem earum provident. Minus facere laudantium voluptates magnam illum. Labore harum voluptas voluptate nesciunt temporibus sit.

Esse et voluptate et qui nisi. Officia cumque voluptate consequatur voluptatem asperiores. Eligendi sit soluta suscipit illo consequatur et ipsum.",Eum placeat sint et ut sit.,46,19,1,84,10/7/2024 20:21,10/7/2024 20:21,
24,14,quo,ipsum,3.5,"Id quasi eligendi sapiente. Qui omnis voluptas quis esse sint. Similique voluptas eos quibusdam deserunt atque optio aut.

Earum voluptate inventore suscipit nihil est voluptatem quis. Consequatur commodi quisquam at. Aliquid fuga architecto natus eos. Culpa delectus consequuntur saepe repellendus id.

Magni enim enim est et rerum. Voluptatem ut ut quia maiores qui laborum. Accusantium eos quam accusamus ab quidem.",Et id sit facilis rem cum.,21,26,0,57,10/7/2024 20:21,10/7/2024 20:21,
25,6,repellat,nobis,3.1,"Et quos sint ab hic facere velit error. Aperiam amet dicta velit. Ratione ex iusto id numquam autem. Qui ea placeat reprehenderit.

Ea consectetur tenetur dicta atque. Ut eveniet aut explicabo voluptate ut numquam culpa eveniet. Amet provident sed alias et sed et iste. Ut atque sint totam omnis velit maxime sit dolorem.

Ipsam voluptatem itaque vel praesentium rerum. Molestiae doloremque dignissimos a tempore. Quo nemo qui voluptas enim. Odio delectus cum quia facilis.",Quo modi sit unde sed est nemo atque.,38,31,1,57,10/7/2024 20:21,10/7/2024 20:21,
26,8,saepe,veritatis,2,"Eos sit sit et molestiae dolorem corporis. Odio qui veniam aut ullam impedit aut maiores. Earum nesciunt eos alias et quam atque dicta.

Itaque beatae consequatur dolorum quod saepe vel. Dolorem dolores distinctio nisi sint esse. Asperiores necessitatibus quidem officia hic sunt consequatur ea.

Sunt velit ratione eius in cumque. Minima quaerat molestiae quia id qui. A debitis assumenda illo ab et dolores.",Quae dolorum delectus consequatur.,33,28,0,37,10/7/2024 20:21,10/7/2024 20:21,
27,12,repellendus,et,5,"Expedita repellendus et sint. Facere expedita alias quasi perferendis aut. Dolorem in vitae numquam delectus fugiat odio odit.

Et voluptatibus odit perspiciatis amet. Libero unde aut in dicta. Est iste incidunt tempora qui temporibus aut a. Voluptas in ducimus hic quia sed.

Quibusdam laborum quis qui quaerat consequatur fugiat qui. Quis qui sint vel tenetur in dolor. Rerum ullam voluptatem quia. Corporis itaque amet repellendus magnam corporis. Quasi voluptates sed sapiente eius et deserunt.",Libero iste voluptas deserunt neque.,10,35,1,28,10/7/2024 20:21,10/7/2024 20:21,
28,14,non,sint,2.9,"Officia ea veritatis qui voluptatem distinctio et. Delectus quod quia enim. Molestiae numquam perspiciatis vero.

Officia eos distinctio perspiciatis aut. Et quis esse libero ut quaerat quidem et. Sint laboriosam quia eligendi. Vero necessitatibus temporibus et magni voluptatum aut in a.

Eos est nam assumenda. Veritatis recusandae pariatur voluptate et sunt sunt perspiciatis. Quasi asperiores sed commodi similique ab molestiae tempora. Minus nihil consequatur ipsa quos.",Iste maiores et non quasi architecto qui.,29,19,0,73,10/7/2024 20:21,10/7/2024 20:21,
29,14,exercitationem,quae,1.2,"Commodi sed sit a perspiciatis at voluptate ab. Consequatur molestiae iusto sed dolor. Eos ducimus eveniet veniam illum voluptatem provident.

Atque iusto accusamus molestias magnam. Sunt id molestiae nihil necessitatibus temporibus. Ex suscipit eius non harum porro porro. Officia magnam quia asperiores temporibus ab aspernatur in.

Recusandae animi cumque eligendi. Eum voluptas rem eius placeat.",Velit quis vitae et sint.,12,16,1,61,10/7/2024 20:21,10/7/2024 20:21,
30,12,deleniti,voluptas,3.4,"Assumenda odit ex eos ab. Omnis natus et accusamus ex autem. Recusandae molestias consequatur aut. Nostrum ex voluptatem tempora asperiores animi a a.

Et excepturi aperiam est recusandae aut. Assumenda dicta ratione et nam.

Dolor aut error voluptatibus aliquam odit quae blanditiis. Voluptatem non laudantium recusandae aperiam. Sed et qui nesciunt et alias nulla id. Ea commodi illo saepe saepe. Rerum esse aut aut neque sit voluptatibus.",Nesciunt ipsam tempora numquam ipsa.,23,12,0,78,10/7/2024 20:21,10/7/2024 20:21,
31,9,voluptas,quis,4.9,"Blanditiis vel quis temporibus at unde quis. Fugiat accusantium quaerat excepturi amet placeat reprehenderit ducimus. Nobis corporis praesentium sequi ut similique.

Commodi quam optio quia totam nobis. Consectetur accusantium et expedita est est odit. Iusto natus est et harum.

Sint consequuntur animi quam consectetur corrupti reiciendis. Temporibus sint maiores facere delectus tempore distinctio. Quia est nihil ad officiis aut suscipit. Laboriosam rerum quas eum molestias ea molestiae velit.",Dicta autem omnis qui odio eaque.,16,37,0,42,10/7/2024 20:21,10/7/2024 20:21,
32,13,porro,voluptas,4.7,"Laborum inventore voluptatem voluptatibus aut. Facilis dolor commodi et aut sapiente est. Explicabo qui minus adipisci officia id officia. Laboriosam quisquam est ducimus et.

Ut officiis quia cupiditate reprehenderit sequi quae. Amet consequatur sunt nisi in libero eveniet enim. Deleniti sapiente non modi sed. Molestiae similique libero tempore.

Molestias voluptatem illum porro voluptatem quaerat. Tenetur ut vel et molestiae et. Aut et autem mollitia vel et nulla sit. Perspiciatis qui aperiam facilis expedita suscipit. Rem perspiciatis libero similique laborum sed.",Quas ducimus iure cum excepturi.,18,46,1,77,10/7/2024 20:21,10/7/2024 20:21,
33,7,voluptatem,nobis,2,"Ratione ut quis esse numquam eaque illum quae. Unde a recusandae ut deleniti. Facere dolore qui eaque. A voluptatem quo consequatur natus.

Ipsam enim amet neque. Nobis et ratione culpa odit quibusdam officia. Voluptatem consequuntur aspernatur minus ut molestias error.

Fuga consequatur accusantium temporibus nam. Delectus molestiae vitae deserunt dolorem aut perferendis atque.",Soluta illum veniam eius ut ut est.,47,11,0,47,10/7/2024 20:21,10/7/2024 20:21,
34,3,molestiae,possimus,4.2,"Facere asperiores error illo sunt. Enim corporis consequatur quod sequi aut voluptas. Saepe perspiciatis quos dicta debitis tempora molestiae. Ut animi et est architecto ullam repellendus.

Expedita minus sint nemo sequi accusamus provident. Non eaque fuga omnis aut atque modi.

Dolorem cumque dolores non sapiente ad vel non. Nisi vitae reiciendis aspernatur fugit. Nihil repellat a beatae et omnis unde.",Necessitatibus incidunt fugiat reiciendis fugiat minus repellat quia.,46,29,0,70,10/7/2024 20:21,10/7/2024 20:21,
35,11,a,porro,2.6,"Porro nihil eum modi vitae. Minus alias iusto eum culpa. Similique laboriosam nesciunt unde eaque molestias sint magnam.

Nam fuga dolor consequuntur quae ducimus vel. Sapiente ipsam consequuntur et sed cum reprehenderit porro. Odit deserunt deserunt eos blanditiis reiciendis occaecati. Est eum praesentium hic sed.

Quo omnis alias nam enim optio adipisci. Earum harum nobis quaerat est. Enim ullam harum minima laudantium minus doloribus consequatur. Et veritatis aut est beatae magnam.",Modi et in sed ducimus quia.,29,21,0,46,10/7/2024 20:21,10/7/2024 20:21,
36,4,sed,minima,3,"Eos id animi vero qui. Totam voluptatem dolores necessitatibus qui eum quo sequi. Sunt quod assumenda placeat quia beatae rerum blanditiis. Molestias possimus quia mollitia dolorum totam dolorem. Nostrum eos quas sed voluptatem impedit.

Occaecati at enim tempore et debitis. Commodi minus aut molestiae itaque aut aut repudiandae. Facilis rerum consequuntur in possimus consequatur cupiditate. Tempore voluptates in veritatis et est saepe occaecati quaerat.

Enim ut neque voluptate. Odio voluptas et vero beatae quo deleniti facilis consequuntur. Temporibus ducimus distinctio mollitia.",Aut dolorem nostrum quos rem reprehenderit.,33,17,0,69,10/7/2024 20:21,10/7/2024 20:21,
37,9,doloremque,ut,4.9,"Expedita libero est sit accusantium. Atque facilis molestiae occaecati aut dignissimos. Odio impedit ipsam corrupti quidem.

Officiis et iste delectus explicabo laudantium culpa. Nihil doloremque quod est consequatur voluptatem. Suscipit dicta quo culpa neque.

Iste aliquam omnis eum esse. Consequuntur pariatur optio velit tempora nobis veniam. Cum dolorem voluptas omnis harum fuga. Ratione adipisci sint odit mollitia nam.",Dolores sequi fuga harum quia harum quis perspiciatis.,37,41,0,28,10/7/2024 20:21,10/7/2024 20:21,
38,7,occaecati,enim,5,"Id excepturi accusantium libero in sunt officiis aut. Error porro dolore qui ab. Omnis nostrum dolor facilis ut. Aut non aut quia unde voluptatibus labore maxime. Quos et qui perspiciatis magnam nesciunt quae.

Dolore necessitatibus ut ducimus totam aut a. Natus accusantium et itaque sunt quasi. Maxime sunt consectetur expedita enim magni velit exercitationem. Nostrum dolorum saepe quia sapiente.

Dolore debitis quasi neque qui explicabo maxime. Nostrum laboriosam inventore eveniet quia ipsum. Delectus ratione sit sed sed et impedit aliquam.",Dignissimos libero et sint.,30,34,0,9,10/7/2024 20:21,10/7/2024 20:21,
39,14,recusandae,quod,3,"Culpa voluptatem voluptatem mollitia dolores fuga unde ea. Et consectetur repellendus dignissimos dolor nam. Est et nemo nihil libero recusandae aut. Natus suscipit sunt repellendus sunt voluptatibus enim.

Quia dolorum voluptate blanditiis ut sed nulla. Similique libero incidunt rerum deserunt similique sapiente id quasi. Magnam ut itaque doloribus animi et quaerat dolore debitis. Et totam porro nisi necessitatibus.

Ipsa et eum aperiam reiciendis inventore dicta nihil. Sit animi expedita sit est ex. Sed minus quam amet aut sit veritatis vel.",Est deleniti magni vel temporibus.,29,42,0,14,10/7/2024 20:21,10/7/2024 20:21,
40,6,quae,natus,1.2,"Aut sit nulla sint et velit. Officiis natus voluptatem incidunt atque optio. Eius omnis velit quaerat earum porro. Adipisci numquam cumque laborum consequatur vel.

Molestiae veritatis iusto et dolor provident. Nesciunt quos quam labore. Consequatur distinctio molestiae laboriosam libero impedit labore non.

Nam fugiat non pariatur maxime dolore ab. Quia dolores voluptas tempora et delectus aut ex sint. Eius temporibus itaque perferendis omnis laborum.",Quia fugiat officiis voluptatem et minima.,25,36,1,22,10/7/2024 20:21,10/7/2024 20:21,
41,1,ullam,rerum,3.5,"Beatae ut saepe soluta sit voluptas deserunt recusandae. Aliquid porro voluptatem ea natus esse.

Magnam illo ut amet molestiae ut quas suscipit. Rerum omnis maiores pariatur aliquam eum vel. Vitae dolor asperiores atque eum. Deserunt alias modi inventore ad veritatis.

Voluptates atque tempora est accusamus et vel ut. Sapiente cupiditate iste ipsa id molestias voluptas. Neque alias quos pariatur. Qui minima commodi qui maxime.",Ab quibusdam dolorem voluptatem dolor corporis ratione.,35,35,0,46,10/7/2024 20:21,10/7/2024 20:21,
42,9,earum,rerum,2.3,"Commodi molestias id atque numquam eaque et omnis. Molestiae perferendis nesciunt sint eligendi amet. Sunt ea et velit.

Enim exercitationem beatae neque iste tempore culpa. Incidunt aut aut ipsum et unde et. Quas voluptatum est et non. Sunt quasi reiciendis ipsa ratione ducimus qui. Magni ut suscipit consequuntur dolorum consequatur saepe.

Suscipit ut ipsam magnam porro ut. Voluptas consequatur ea tempore sint enim. Et et odio voluptas quis.",Neque expedita accusamus sit labore laborum.,31,41,1,80,10/7/2024 20:21,10/7/2024 20:21,
43,7,at,voluptatem,1.9,"Odio ratione rerum aperiam eum saepe ea. Aut et debitis nobis. Numquam iure necessitatibus harum numquam impedit ut. Repellendus vel quis molestiae adipisci.

Repellendus dolorem illo dolore quisquam enim beatae. Aut consectetur et et ratione aliquam veniam dolor. Ad eum ea fuga ut rerum necessitatibus quisquam esse. Eum fugit consequuntur cupiditate consequatur consequuntur voluptas doloremque.

Quas qui adipisci voluptas commodi. Quia in maiores excepturi ratione. Sed voluptatum et ut eum qui. Rerum id earum autem non non id doloremque.",Veniam vero et velit voluptas aspernatur est officiis.,31,13,0,91,10/7/2024 20:21,10/7/2024 20:21,
44,3,quo,cum,1.4,"Porro accusantium excepturi et excepturi veniam exercitationem voluptatem minima. Sit quis ex aspernatur sit ipsa quod sed. Facilis distinctio voluptas iusto molestias aut natus. Eum dolore deserunt culpa officiis.

Minus recusandae corrupti odit reiciendis repellendus. Et harum magni accusamus alias suscipit rerum magnam. Explicabo quae quis sit similique aspernatur magni nihil.

Nemo amet est aperiam sed. Velit voluptatem nobis at quia. Rerum voluptas necessitatibus sunt aut voluptas quos. Similique provident amet consequuntur sit omnis.",Iusto itaque non rerum voluptatem.,49,43,0,82,10/7/2024 20:21,10/7/2024 20:21,
45,7,dolore,saepe,3.2,"Molestiae similique fugit asperiores voluptate voluptatem totam. Eum omnis cupiditate eum magnam ut. Aut ipsa laborum soluta quasi voluptatibus et quisquam. Et aut earum cumque architecto.

Et fugit asperiores est saepe. Est velit sunt alias fuga velit ex. Debitis ex provident ut at placeat sed dolorem. Nobis optio quasi porro ducimus nostrum vitae modi ipsam.

Provident non adipisci corrupti dolorum. Tempora cupiditate incidunt sit atque voluptatem dolor. Voluptas mollitia vel sed doloribus voluptatem deserunt et. Officia perferendis consequatur eius voluptate quia et.",Et earum maiores rem impedit omnis.,25,17,1,49,10/7/2024 20:21,10/7/2024 20:21,
46,6,numquam,quia,3.3,"Et optio a tempore consequatur omnis. Unde odio eaque aut dolorum ea molestiae facilis laboriosam. Occaecati aliquid impedit deserunt laboriosam consequuntur voluptatem. Laborum adipisci consequatur aut facere excepturi.

Pariatur dolorem odit minus quasi. Praesentium quo doloribus dolorum voluptate quo. Laboriosam velit iure sit. Omnis voluptas omnis nihil ab nam sed molestiae.

Voluptatum ab soluta quidem eaque debitis porro. Assumenda quo voluptatem quo ratione nam. Dolorum ut eligendi nesciunt sunt. Esse totam voluptas accusantium voluptatem soluta voluptatem.",Id quae sunt non qui qui.,30,21,1,83,10/7/2024 20:21,10/7/2024 20:21,
47,8,explicabo,sapiente,3.2,"Laudantium consequatur illum esse quaerat voluptatem dolores aut. At ut rerum accusantium. Minima omnis sequi autem dolore. Dolor cumque rem impedit est ut possimus fuga quo.

Excepturi commodi corrupti distinctio exercitationem nulla voluptatibus ea et. Temporibus dignissimos mollitia est illum sed alias. Voluptatum quis aut molestias velit sit.

Non aut tempore itaque saepe. Ipsam qui laudantium quod nihil. Qui laborum voluptas consequatur et. Reiciendis aut soluta quidem explicabo aut.",Iure tempore quo vitae ut voluptatibus iure.,41,14,0,71,10/7/2024 20:21,10/7/2024 20:21,
48,11,ut,voluptates,3.8,"Est in nobis dolores corrupti at libero. Officia repudiandae maxime placeat nemo quasi sunt quos. Et explicabo quidem aut. Sed dignissimos quasi aliquid laboriosam aspernatur accusantium impedit.

Dolorem ab odio eaque voluptate sequi id. Ut dolorem qui ad et aut quae. Consequuntur accusantium unde et ad. Quisquam quam voluptatum iure nisi occaecati autem.

Temporibus dolor veritatis ea ut nulla. Sit est voluptatum voluptas. Assumenda at sit natus autem quisquam.",Culpa consequatur non facere beatae rerum vel qui.,25,24,1,79,10/7/2024 20:21,10/7/2024 20:21,
49,13,cupiditate,est,2.3,"Ab cumque sit incidunt asperiores sed. Quia nisi qui aperiam voluptatum dolores. Architecto perspiciatis consequatur unde voluptate facere voluptatum. Voluptatem hic consequatur non est eum tempora cumque.

Architecto reiciendis odio asperiores debitis. Et explicabo aut reprehenderit. Adipisci iure dolores autem consectetur voluptatem occaecati qui.

Odio porro necessitatibus ipsum delectus saepe itaque. Est non nemo praesentium labore laudantium sed voluptatem. Veniam ipsam velit qui ducimus. Illo aut officiis numquam sunt sed est.",Dicta officiis quia quo quisquam.,34,26,0,95,10/7/2024 20:21,10/7/2024 20:21,
50,10,quia,nobis,4.5,"Quia velit a dolorem commodi corporis. Consequatur repellat vero suscipit exercitationem perferendis veritatis qui. Numquam doloremque et et fugit qui vero.

Sequi qui maiores ut voluptatum blanditiis omnis. Rerum rerum est vel ipsa quia deserunt consequatur cum. Perferendis reiciendis eos adipisci ut.

At impedit ratione ut explicabo maiores. Aliquam nihil non sapiente praesentium et doloremque ea. Pariatur vel a omnis unde. Saepe occaecati nostrum nisi et.",Quia laboriosam magnam rerum autem iusto.,32,11,0,45,10/7/2024 20:21,10/7/2024 20:21,
51,5,consequatur,voluptatem,1.6,"Autem sequi nulla quae consequatur. Nobis provident ea deserunt eos. Et libero culpa ex quidem eos perspiciatis. Repellendus sit natus omnis ut sed totam.

Molestiae aut et et ad. Architecto voluptatem voluptates non praesentium suscipit harum sunt. Est et et in laboriosam ut. Minus repellat maiores reiciendis et.

Non earum placeat optio dolores commodi. Dignissimos et id ipsa tempora aut. Nam quo sunt dicta placeat. Ut assumenda recusandae qui adipisci doloribus dignissimos rem.",Magni veniam error consequatur provident.,12,17,1,96,10/7/2024 20:21,10/7/2024 20:21,
,11,ut,voluptates,3.8,"Est in nobis dolores corrupti at libero. Officia repudiandae maxime placeat nemo quasi sunt quos. Et explicabo quidem aut. Sed dignissimos quasi aliquid laboriosam aspernatur accusantium impedit.

Dolorem ab odio eaque voluptate sequi id. Ut dolorem qui ad et aut quae. Consequuntur accusantium unde et ad. Quisquam quam voluptatum iure nisi occaecati autem.

Temporibus dolor veritatis ea ut nulla. Sit est voluptatum voluptas. Assumenda at sit natus autem quisquam.",Culpa consequatur non facere beatae rerum vel qui.,25,24,1,79,10/7/2024 20:21,10/7/2024 20:21,
,13,cupiditate,est,2.3,"Ab cumque sit incidunt asperiores sed. Quia nisi qui aperiam voluptatum dolores. Architecto perspiciatis consequatur unde voluptate facere voluptatum. Voluptatem hic consequatur non est eum tempora cumque.

Architecto reiciendis odio asperiores debitis. Et explicabo aut reprehenderit. Adipisci iure dolores autem consectetur voluptatem occaecati qui.

Odio porro necessitatibus ipsum delectus saepe itaque. Est non nemo praesentium labore laudantium sed voluptatem. Veniam ipsam velit qui ducimus. Illo aut officiis numquam sunt sed est.",Dicta officiis quia quo quisquam.,34,26,0,95,10/7/2024 20:21,10/7/2024 20:21,
